{
  "name": "pf-content",
  "title": "Pathfinder 1e Content",
  "description": "4,200 magic items (including ammo, rods, weapons, armor, artifacts, cursed items, staffs, and wondrous items), 1,855 non-magical items, 3,501 feats and 2,034 traits sourced directly from Archives of Nethys, and 144 buffs and variants. These compendiums are not perfect. Except for buffs, none of them contain the appropriate changes to attacks, armor bonuses, etc. However, the item description and most of the relevant info needed to make them are included.",
  "version": "0.1.52",
  "minimumCoreVersion": "0.7.9",
  "compatibleCoreVersion": "0.7.9",
  "systems": ["pf1"],
  "author": "Michael Bailey(fadedshadow589#8270), raabb(Raabb#9467), Kronos, llneo12",
  "url":"https://github.com/baileymh/pf1e-content",
  "manifest": "https://raw.githubusercontent.com/baileymh/pf1e-content/main/module.json",
  "download":"https://github.com/baileymh/pf1e-content/releases/download/0.1.50/pf-content.v0.1.50.zip",
  "readme":"https://github.com/baileymh/pf1e-content/blob/main/README.md",
  "changelog":"https://github.com/baileymh/pf1e-content/blob/main/changelog.md",
  "packs": [
  {
    "name": "feats",
    "label": "PF-Feats",
    "system": "pf1",
    "path": "packs/pffeats.db",
    "entity": "Item",
    "module": "pf-content"
  },
    {
    "name": "traits",
    "label": "PF-Traits",
    "system": "pf1",
    "path": "packs/pftraits.db",
    "entity": "Item",
    "module": "pf-content"
  },
      {
    "name": "artifacts",
    "label": "PF-Artifacts",
    "system": "pf1",
    "path": "packs/pfartifacts.db",
    "entity": "Item",
    "module": "pf-content"
  },
      {
    "name": "magicitems",
    "label": "PF-Magic Items",
    "system": "pf1",
    "path": "packs/pfmagic.db",
    "entity": "Item",
    "module": "pf-content"
  },      {
    "name": "wondrous",
    "label": "PF-Wondrous",
    "system": "pf1",
    "path": "packs/pfwondrous.db",
    "entity": "Item",
    "module": "pf-content"
  },
  {
    "name": "pf-buffs",
    "label": "PF-Buffs",
    "system": "pf1",
    "path": "packs/pfbuffs.db",
    "entity": "Item",
    "module": "PF-Content"
  },
  {
    "name": "pf-35-content",
    "label": "PF-3.5e Content",
    "system": "pf1",
    "path": "packs/pf-35-content.db",
    "entity": "Item",
    "module": "PF-Content"
  },
  {
    "name": "pf-goods-services",
    "label": "PF-Goods and Services",
    "system": "pf1",
    "path": "packs/pf-goods-services.db",
    "entity": "Item",
    "module": "PF-Content"
  },
  {
    "name": "pf-items",
    "label": "PF-Items",
    "system": "pf1",
    "path": "packs/pf-items.db",
    "entity": "Item",
    "module": "PF-Content"
  },
  {
    "name": "pf-merchants",
    "label": "PF-Merchants",
    "system": "pf1",
    "path": "packs/pf-merchants.db",
    "entity": "Actor",
    "module": "PF-Content"
  },
  {
    "name": "pf-universal-monster-rules",
    "label": "PF-Universal Monster Rules",
    "system": "pf1",
    "path": "packs/pf-universal-monster-rules.db",
    "entity": "Item",
    "module": "PF-Content"
  },
  {
    "name": "pf-tables",
    "label": "PF-Tables",
    "system": "pf1",
    "path": "packs/pf-tables.db",
    "entity": "RollTable",
    "module": "PF-Content"
  }]
}
