{
  "name": "pf-content",
  "title": "Pathfinder 1e Content",
  "description": "4,200 magic items (including ammo, rods, weapons, armor, artifacts, cursed items, staffs, and wondrous items), 1,855 non-magical items, 3,501 feats and 2,034 traits, 747 racial traits, 333 special weapon/armor qualities, and 160 buffs and variants. Also includes a huge amount of Rule journals for PF, as well as rulebooks for Mythic Adventures and Horror Adventures. Along with a host of other items and resources. These compendiums are not perfect. Except for buffs, none of them contain the appropriate changes to attacks, armor bonuses, etc. However, the item description and most of the relevant info needed to make work them are included.",
  "version": "0.1.59",
  "minimumCoreVersion": "0.7.9",
  "compatibleCoreVersion": "0.7.9",
  "systems": ["pf1"],
  "author": "Michael Bailey(fadedshadow589#8270), raabb(Raabb#9467), Kronos, llneo12",
  "url":"https://github.com/baileymh/pf1e-content",
  "manifest": "https://raw.githubusercontent.com/baileymh/pf1e-content/main/module.json",
  "download":"https://github.com/baileymh/pf1e-content/releases/download/0.1.59/pf-content.v0.1.59.zip",
  "readme":"https://github.com/baileymh/pf1e-content/blob/main/README.md",
  "changelog":"https://github.com/baileymh/pf1e-content/blob/main/changelog.md",
  "packs": [
  {
    "name": "pf-feats",
    "label": "PF-Feats",
    "system": "pf1",
    "path": "packs/pf-feats.db",
    "entity": "Item",
    "module": "pf-content"
  },
  {
    "name": "pf-traits",
    "label": "PF-Traits",
    "system": "pf1",
    "path": "packs/pf-traits.db",
    "entity": "Item",
    "module": "pf-content"
  },
  {
    "name": "pf-racial-traits",
    "label": "PF-Racial Traits",
    "system": "pf1",
    "path": "packs/pf-racial-traits.db",
    "entity": "Item",
    "module": "pf-content"
  },
  {
    "name": "pf-artifacts",
    "label": "PF-Artifacts",
    "system": "pf1",
    "path": "packs/pf-artifacts.db",
    "entity": "Item",
    "module": "pf-content"
  },
  {
    "name": "pf-magicitems",
    "label": "PF-Magic Items",
    "system": "pf1",
    "path": "packs/pf-magic.db",
    "entity": "Item",
    "module": "pf-content"
  },      
  {
    "name": "pf-wondrous",
    "label": "PF-Wondrous",
    "system": "pf1",
    "path": "packs/pf-wondrous.db",
    "entity": "Item",
    "module": "pf-content"
  },
  {
    "name": "pf-buffs",
    "label": "PF-Buffs",
    "system": "pf1",
    "path": "packs/pf-buffs.db",
    "entity": "Item",
    "module": "PF-Content"
  },
  {
    "name": "pf-35-content",
    "label": "PF-3.5e Content",
    "system": "pf1",
    "path": "packs/pf-35-content.db",
    "entity": "Item",
    "module": "PF-Content"
  },
  {
    "name": "pf-goods-services",
    "label": "PF-Goods and Services",
    "system": "pf1",
    "path": "packs/pf-goods-services.db",
    "entity": "Item",
    "module": "PF-Content"
  },
  {
    "name": "pf-items",
    "label": "PF-Items",
    "system": "pf1",
    "path": "packs/pf-items.db",
    "entity": "Item",
    "module": "PF-Content"
  },
  {
    "name": "pf-merchants",
    "label": "PF-Merchants",
    "system": "pf1",
    "path": "packs/pf-merchants.db",
    "entity": "Actor",
    "module": "PF-Content"
  },
  {
    "name": "pf-universal-monster-rules",
    "label": "PF-Universal Monster Rules",
    "system": "pf1",
    "path": "packs/pf-universal-monster-rules.db",
    "entity": "Item",
    "module": "PF-Content"
  },
  {
    "name": "pf-tables",
    "label": "PF-Tables",
    "system": "pf1",
    "path": "packs/pf-tables.db",
    "entity": "RollTable",
    "module": "PF-Content"
  },
  {
    "name": "pf-traps",
    "label": "PF-Traps",
    "system": "pf1",
    "path": "packs/pf-traps.db",
    "entity": "Actor",
    "module": "pf1e-journals"
  },
  {
    "name": "pf-diseases",
    "label": "PF-Diseases",
    "system": "pf1",
    "path": "packs/pf-diseases.db",
    "entity": "Item",
    "module": "PF-Content"
  },
  {
    "name": "pf-special-qualities",
    "label": "PF-Special Qualities",
    "system": "pf1",
    "path": "packs/pf-special-qualities.db",
    "entity": "Item",
    "module": "PF-Content"
  },
  {
    "name": "pf-rules",
    "label": "PF-Rules",
    "system": "pf1",
    "path": "packs/pf-rules.db",
    "entity": "JournalEntry",
    "module": "PF-Content"
  },
  {
    "name": "gm-quick-reference",
    "label": "GM Quick Reference",
    "system": "pf1",
    "path": "packs/gm-quick-reference.db",
    "entity": "JournalEntry",
    "module": "PF-Content"
  },
  {
    "name": "mythic-adventures",
    "label": "Mythic Adventures Rulebook",
    "system": "pf1",
    "path": "packs/mythic-adventures.db",
    "entity": "JournalEntry",
    "module": "PF-Content"
  },
  {
    "name": "horror-adventures",
    "label": "Horror Adventures Rulebook",
    "system": "pf1",
    "path": "packs/horror-adventures.db",
    "entity": "JournalEntry",
    "module": "PF-Content"
  },
  {
    "name": "kingdom-building-gm",
    "label": "Kingdom Building Rules - GM",
    "system": "pf1",
    "path": "packs/kingdom-building-gm.db",
    "entity": "JournalEntry",
    "module": "PF-Content"
  },
  {
    "name": "kingdom-building-player",
    "label": "Kingdom Building Rules - Player",
    "system": "pf1",
    "path": "packs/kingdom-building-player.db",
    "entity": "JournalEntry",
    "module": "PF-Content"
  },
  {
    "name": "kingdom-building-scenes",
    "label": "Kingdom Building - Scenes",
    "system": "pf1",
    "path": "packs/kingdom-building-scenes.db",
    "entity": "Scene",
    "module": "PF-Content"
  },
  {
    "name": "kingdom-building-buildings",
    "label": "Kingdom Building - Buildings",
    "system": "pf1",
    "path": "packs/kingdom-building-buildings.db",
    "entity": "Actor",
    "module": "PF-Content"
  },
  {
    "name": "kingdom-building-tables",
    "label": "Kingdom Building - Tables",
    "system": "pf1",
    "path": "packs/kingdom-building-tables.db",
    "entity": "RollTable",
    "module": "PF-Content"
  }]
}
